type,raid_group_name,member_name,character_name,character_class,character_is_alt,character_inactive_at,character_note,sort_order,item_name,item_id,is_offspec,note,received_at,import_id,item_note,item_prio_note,item_tier,item_tier_label,created_at,updated_at
wishlist,,Dordycacker,Battered,Warrior,1,,,1,"Valorous Dreadnaught Greathelm",40546,0,,,,,,,,,"2022-12-15 10:21:19","2022-12-15 10:21:19"
wishlist,,Dordycacker,Battered,Warrior,1,,,2,"Boundless Ambition",40387,0,,,,,,,,,"2022-12-15 10:21:19","2022-12-15 10:21:19"
wishlist,,Dordycacker,Battered,Warrior,1,,,3,"Pauldrons of Unnatural Death",39704,0,,,,,,,,,"2022-12-15 10:21:19","2022-12-15 10:21:19"
wishlist,,Dordycacker,Battered,Warrior,1,,,4,"Ablative Chitin Girdle",39759,0,,,,,,,,,"2022-12-15 10:21:19","2022-12-15 10:21:19"
wishlist,,Dordycacker,Battered,Warrior,1,,,5,"Legplates of Sovereignty",40589,0,,,,,,,,,"2022-12-15 10:21:19","2022-12-15 10:21:19"
wishlist,,Dordycacker,Battered,Warrior,1,,,6,"Sabatons of Endurance",40297,0,,,,,,,,,"2022-12-15 10:21:19","2022-12-15 10:21:19"
wishlist,,Dordycacker,Battered,Warrior,1,,,7,"Defender's Code",40257,0,,,,,,,,,"2022-12-15 10:21:19","2022-12-15 10:21:19"
wishlist,,Dordycacker,Battered,Warrior,1,,,8,"Last Laugh",40402,0,,,,,,,,,"2022-12-15 10:21:19","2022-12-15 10:21:19"
wishlist,,Dordycacker,Battered,Warrior,1,,,9,"Wall of Terror",40400,0,,,,,,,,,"2022-12-15 10:21:19","2022-12-15 10:21:19"
wishlist,,iPwn56,Spankmydemon,Warlock,0,,"mongoose Motherfucker",1,"Valorous Plagueheart Circlet",40421,0,bis,,,,,,,,"2022-09-05 19:57:56","2022-09-05 19:57:56"
wishlist,,iPwn56,Spankmydemon,Warlock,0,,"mongoose Motherfucker",2,"Hood of Rationality",40562,0,,,,,,,,,"2022-09-05 19:57:56","2022-09-05 19:57:56"
wishlist,,iPwn56,Spankmydemon,Warlock,0,,"mongoose Motherfucker",3,"Wyrmrest Necklace of Power",44661,0,bis,,,,,,,,"2022-09-05 19:57:56","2022-09-05 19:57:56"
wishlist,,iPwn56,Spankmydemon,Warlock,0,,"mongoose Motherfucker",4,"Chain of the Ancient Wyrm",44658,0,,,,,,,,,"2022-09-05 19:57:56","2022-09-05 19:57:56"
wishlist,,iPwn56,Spankmydemon,Warlock,0,,"mongoose Motherfucker",5,"Valorous Plagueheart Shoulderpads",40424,0,bis,,,,,,,,"2022-09-05 19:57:56","2022-09-05 19:57:56"
wishlist,,iPwn56,Spankmydemon,Warlock,0,,"mongoose Motherfucker",6,"Mantle of the Fatigued Sage",40351,0,,,,,,,,,"2022-09-05 19:57:56","2022-09-05 19:57:56"
wishlist,,iPwn56,Spankmydemon,Warlock,0,,"mongoose Motherfucker",7,"Pennant Cloak",44005,0,bis,,,,,,,,"2022-09-05 19:57:56","2022-09-05 19:57:56"
wishlist,,iPwn56,Spankmydemon,Warlock,0,,"mongoose Motherfucker",8,"Cape of the Unworthy Wizard",40405,0,,,,,,,,,"2022-09-05 19:57:56","2022-09-05 19:57:56"
wishlist,,iPwn56,Spankmydemon,Warlock,0,,"mongoose Motherfucker",9,"Dark Shroud of the Scourge",39241,0,,,,,,,,,"2022-09-05 19:57:56","2022-09-05 19:57:56"
wishlist,,iPwn56,Spankmydemon,Warlock,0,,"mongoose Motherfucker",10,"Valorous Plagueheart Robe",40423,0,bis,,,,,,,,"2022-09-05 19:57:56","2022-09-05 19:57:56"
wishlist,,iPwn56,Spankmydemon,Warlock,0,,"mongoose Motherfucker",11,"Gown of the Spell-Weaver",40526,0,,,,,,,,,"2022-09-05 19:57:56","2022-09-05 19:57:56"
wishlist,,Snarls/Trucidator,Trucidator,Rogue,0,,,1,"Valorous Bonescythe Helmet",40499,0,,,,,,,,,"2022-09-06 05:44:35","2022-09-06 05:44:35"
wishlist,,Snarls/Trucidator,Trucidator,Rogue,0,,,2,"Favor of the Dragon Queen",44664,0,,,,,,,,,"2022-09-06 05:44:35","2022-09-06 05:44:35"
wishlist,,Snarls/Trucidator,Trucidator,Rogue,0,,,3,"Valorous Bonescythe Pauldrons",40502,0,,,,,,,,,"2022-09-06 05:44:35","2022-09-06 05:44:35"
wishlist,,Snarls/Trucidator,Trucidator,Rogue,0,,,4,"Aged Winter Cloak",40250,0,,,,,,,,,"2022-09-06 05:44:35","2022-09-06 05:44:35"
wishlist,,Snarls/Trucidator,Trucidator,Rogue,0,,,5,"Tunic of Indulgence",40277,0,,,,,,,,,"2022-09-06 05:44:35","2022-09-06 05:44:35"
wishlist,,Snarls/Trucidator,Trucidator,Rogue,0,,,6,"Wristwraps of the Cutthroat",40738,0,,,,,,,,,"2022-09-06 05:44:35","2022-09-06 05:44:35"
wishlist,,Snarls/Trucidator,Trucidator,Rogue,0,,,7,"Valorous Bonescythe Gauntlets",40496,0,,,,,,,,,"2022-09-06 05:44:35","2022-09-06 05:44:35"
wishlist,,Snarls/Trucidator,Trucidator,Rogue,0,,,8,"Valorous Bonescythe Legplates",40500,0,,,,,,,,,"2022-09-06 05:44:35","2022-09-06 05:44:35"
wishlist,,Snarls/Trucidator,Trucidator,Rogue,0,,,9,"Belt of the Tortured",40260,0,,,,,,,,,"2022-09-06 05:44:35","2022-09-06 05:44:35"
wishlist,,Snarls/Trucidator,Trucidator,Rogue,0,,,10,"Footwraps of Vile Deceit",40243,0,,,,,,,,,"2022-09-06 05:44:35","2022-09-06 05:44:35"
wishlist,,Snarls/Trucidator,Trucidator,Rogue,0,,,11,"Strong-Handed Ring",40074,0,,,,,,,,,"2022-09-06 05:44:35","2022-09-06 05:44:35"
wishlist,,Snarls/Trucidator,Trucidator,Rogue,0,,,12,"Surge Needle Ring",40474,0,,,,,,,,,"2022-09-06 05:44:35","2022-09-06 05:44:35"
wishlist,,Snarls/Trucidator,Trucidator,Rogue,0,,,13,"Grim Toll",40256,0,,,,,,,,,"2022-09-06 05:44:35","2022-09-06 05:44:35"
wishlist,,Snarls/Trucidator,Trucidator,Rogue,0,,,14,"Loatheb's Shadow",39257,0,,,,,,,,,"2022-09-06 05:44:35","2022-09-06 05:44:35"
wishlist,,Snarls/Trucidator,Trucidator,Rogue,0,,,15,"Silent Crusader",40407,0,,,,,,,,,"2022-09-06 05:44:35","2022-09-06 05:44:35"
wishlist,,Snarls/Trucidator,Trucidator,Rogue,0,,,16,Hailstorm,40491,0,,,,,,,,,"2022-09-06 05:44:35","2022-09-06 05:44:35"
wishlist,,Snarls/Trucidator,Trucidator,Rogue,0,,,17,"Spinning Fate",40190,0,,,,,,,,,"2022-09-06 05:44:35","2022-09-06 05:44:35"
wishlist,"Main Raid",Aphro,Aphroditona,Paladin,0,,,1,"Voice of Reason",40401,0,,,,,,,,,"2022-12-14 12:50:56","2022-12-14 12:50:56"
wishlist,"Main Raid",Aphro,Aphroditona,Paladin,0,,,2,"Pennant Cloak",44005,0,,,,,,,,,"2022-12-14 12:50:56","2022-12-14 12:50:56"
wishlist,"Main Raid",Aphro,Aphroditona,Paladin,0,,,3,"Valorous Redemption Headpiece",40571,0,,,,,,,,,"2022-12-14 12:50:56","2022-12-14 12:50:56"
wishlist,"Main Raid",Bassan,Bassan,"Death Knight",0,,,1,"Grim Toll",40256,0,"For long fights/Ulduar",,,,,,,,"2022-12-14 13:39:45","2022-12-14 13:39:45"
wishlist,"Main Raid",Bassan,Bassan,"Death Knight",0,,,2,"Melancholy Sabatons",40591,0,,,,,,,,,"2022-12-14 13:39:45","2022-12-14 13:39:45"
wishlist,"Main Raid",Bassan,Bassan,"Death Knight",0,,,3,"Drape of the Deadly Foe",40403,0,,,,,,,,,"2022-12-14 13:39:45","2022-12-14 13:39:45"
wishlist,"Main Raid",Bassan,Bassan,"Death Knight",0,,,4,"Bracers of Unrelenting Attack",40330,0,,,,,,,,,"2022-12-14 13:39:45","2022-12-14 13:39:45"
wishlist,"Main Raid",Bluds,Bluds,Rogue,0,,"the ulduar list is full bis, not sure what best alternatives are atm but will update when daddy simonize releases p2 bis list",1,"Favor of the Dragon Queen",44664,0,,,,,,,,,"2022-12-22 10:15:39","2022-12-22 10:15:39"
wishlist,"Main Raid",Bluds,Bluds,Rogue,0,,"the ulduar list is full bis, not sure what best alternatives are atm but will update when daddy simonize releases p2 bis list",2,"Chestguard of the Recluse",40539,0,,,,,,,,,"2022-12-22 10:15:39","2022-12-22 10:19:24"
wishlist,"Main Raid",Bluds,Bluds,Rogue,0,,"the ulduar list is full bis, not sure what best alternatives are atm but will update when daddy simonize releases p2 bis list",3,"Mark of Norgannon",40531,0,,,,,,,,,"2022-12-22 10:15:39","2022-12-22 10:19:24"
wishlist,"Main Raid",Bluds,Bluds,Rogue,0,,"the ulduar list is full bis, not sure what best alternatives are atm but will update when daddy simonize releases p2 bis list",4,"Drape of the Deadly Foe",40403,0,,,,,,,,,"2022-12-22 10:15:39","2022-12-22 10:19:24"
wishlist,"Main Raid",Bluds,Bluds,Rogue,0,,"the ulduar list is full bis, not sure what best alternatives are atm but will update when daddy simonize releases p2 bis list",5,"Thrusting Bands",40186,0,,,,,,,,,"2022-12-22 10:15:39","2022-12-22 10:19:24"
wishlist,"Main Raid",Bluds,Bluds,Rogue,0,,"the ulduar list is full bis, not sure what best alternatives are atm but will update when daddy simonize releases p2 bis list",6,"Bandit's Insignia",40371,0,,,,,,,,,"2022-12-22 10:15:39","2022-12-22 10:15:39"
wishlist,"Main Raid",Bluds,Bluds,Rogue,0,,"the ulduar list is full bis, not sure what best alternatives are atm but will update when daddy simonize releases p2 bis list",7,"Leggings of the Honored",44011,0,"might not actually need these",,,,,,,,"2022-12-22 10:15:39","2022-12-22 10:15:39"
wishlist,"Main Raid",Bluds,Bluds,Rogue,0,,"the ulduar list is full bis, not sure what best alternatives are atm but will update when daddy simonize releases p2 bis list",8,"Envoy of Mortality",40385,0,,,,,,,,,"2022-12-22 10:19:24","2022-12-22 10:19:24"
wishlist,"Main Raid",Browsebanner,Browsebanner,Hunter,0,,,1,"Strong-Handed Ring",40074,0,,,,,,,,,"2022-12-18 16:39:28","2022-12-18 16:39:28"
wishlist,"Main Raid",Browsebanner,Browsebanner,Hunter,0,,,2,"Grim Toll",40256,0,,,,,,,,,"2022-12-18 16:51:05","2022-12-18 16:51:05"
wishlist,"Main Raid",Browsebanner,Browsebanner,Hunter,0,,,3,"Journey's End",40388,0,,,,,,,,,"2022-12-18 16:51:05","2022-12-18 16:51:05"
wishlist,"Main Raid",Browsebanner,Browsebanner,Hunter,0,,,4,"Envoy of Mortality",40385,0,,,,,,,,,"2022-12-18 16:51:05","2022-12-18 16:51:05"
wishlist,"Main Raid",Browsebanner,Browsebanner,Hunter,0,,,5,"Fool's Trial",40065,0,,,,,,,,,"2022-12-18 16:51:05","2022-12-18 16:51:05"
wishlist,"Main Raid",Browsebanner,Browsebanner,Hunter,0,,,6,"Drape of the Deadly Foe",40403,0,,,,,,,,,"2022-12-18 16:51:05","2022-12-18 16:51:05"
wishlist,"Main Raid",Browsebanner,Browsebanner,Hunter,0,,,7,"Frosted Adroit Handguards",40541,0,,,,,,,,,"2022-12-18 16:51:05","2022-12-18 16:51:05"
wishlist,"Main Raid",Browsebanner,Browsebanner,Hunter,0,,,8,"Surge Needle Ring",40474,0,,,,,,,,,"2022-12-18 16:51:05","2022-12-18 16:51:05"
wishlist,"Main Raid",Browsebanner,Browsebanner,Hunter,0,,,9,"Favor of the Dragon Queen",44664,0,,,,,,,,,"2022-12-18 16:51:05","2022-12-18 16:51:05"
wishlist,"Main Raid",Browsebanner,Browsebanner,Hunter,0,,,10,"Extract of Necromantic Power",40373,0,,,,,,,,,"2022-12-18 16:51:05","2022-12-18 16:51:05"
wishlist,"Main Raid",Browsebanner,Browsebanner,Hunter,0,,,11,"Aged Winter Cloak",40250,0,,,,,,,,,"2022-12-18 16:51:05","2022-12-18 16:51:05"
wishlist,"Main Raid",Browsebanner,Browsebanner,Hunter,0,,,12,"Crown of the Lost Protector",40632,0,,,,,,,,,"2022-12-18 16:51:05","2022-12-18 16:51:05"
wishlist,"Main Raid",Browsebanner,Browsebanner,Hunter,0,,,13,"Depraved Linked Belt",40275,0,,,,,,,,,"2022-12-18 16:51:05","2022-12-18 16:51:05"
wishlist,"Main Raid",Browsebanner,Browsebanner,Hunter,0,,,14,"Heroic Key to the Focusing Iris",44577,0,,,,,,,,,"2022-12-18 16:51:05","2022-12-18 16:51:05"
wishlist,"Main Raid",renese,Damantia,Priest,0,,,1,"Illustration of the Dragon Soul",40432,0,,,,,,,,,"2022-12-15 14:32:27","2022-12-15 14:32:27"
wishlist,"Main Raid",renese,Damantia,Priest,0,,,2,"Torch of Holy Fire",40395,0,,,,,,,,,"2022-12-15 14:32:27","2022-12-15 14:32:27"
wishlist,"Main Raid",renese,Damantia,Priest,0,,,3,"Pennant Cloak",44005,0,,,,,,,,,"2022-12-15 14:32:27","2022-12-15 14:32:27"
wishlist,"Main Raid",renese,Damantia,Priest,0,,,4,"Wyrmrest Band",40433,0,,,,,,,,,"2022-12-15 14:32:27","2022-12-15 14:32:27"
wishlist,"Main Raid",renese,Damantia,Priest,0,,,5,"Hood of Rationality",40562,0,,,,,,,,,"2022-12-15 14:32:27","2022-12-15 14:32:27"
wishlist,"Main Raid",renese,Damantia,Priest,0,,,6,"Leash of Heedless Magic",40561,0,,,,,,,,,"2022-12-15 14:32:27","2022-12-15 14:32:27"
wishlist,"Main Raid",renese,Damantia,Priest,0,,,7,"Signet of Manifested Pain",40399,0,,,,,,,,,"2022-12-15 14:32:27","2022-12-15 14:32:27"
wishlist,"Main Raid",renese,Damantia,Priest,0,,,8,"Unsullied Cuffs",44008,0,,,,,,,,,"2022-12-15 14:32:27","2022-12-15 14:32:27"
wishlist,"Main Raid",Dordycacker,Dordycacker,Mage,0,,,1,"Wyrmrest Necklace of Power",44661,0,,,,,,,,,"2022-12-15 10:00:26","2022-12-15 10:00:26"
wishlist,"Main Raid",Dordycacker,Dordycacker,Mage,0,,,2,"Pennant Cloak",44005,0,,,,,,,,,"2022-12-15 10:00:26","2022-12-15 10:00:26"
wishlist,"Main Raid",Dordycacker,Dordycacker,Mage,0,,,3,"Unsullied Cuffs",44008,0,,,,,,,,,"2022-12-15 10:00:26","2022-12-15 10:00:26"
wishlist,"Main Raid",Dordycacker,Dordycacker,Mage,0,,,4,"The Turning Tide",40396,0,,,,,,,,,"2022-12-15 10:00:26","2022-12-15 10:00:26"
wishlist,"Main Raid",Dordycacker,Dordycacker,Mage,0,,,5,"The Sanctum's Flowing Vestments",44002,0,,,,,,,,,"2022-12-15 10:00:26","2022-12-15 10:00:26"
wishlist,"Main Raid",Dordycacker,Dordycacker,Mage,0,,,6,"Arcanic Tramplers",40558,0,,,,,,,,,"2022-12-15 10:00:26","2022-12-15 10:00:26"
wishlist,"Main Raid",Dordycacker,Dordycacker,Mage,0,,,7,"Signet of Manifested Pain",40399,0,,,,,,,,,"2022-12-15 10:00:26","2022-12-15 10:00:26"
wishlist,"Main Raid",Dordycacker,Dordycacker,Mage,0,,,8,"Surplus Limb",40273,1,,,,,,,,,"2022-12-15 10:06:12","2022-12-15 10:06:12"
wishlist,"Main Raid",Dordycacker,Dordycacker,Mage,0,,,9,"Illustration of the Dragon Soul",40432,1,,,,,,,,,"2022-12-15 10:06:12","2022-12-15 10:06:12"
wishlist,"Main Raid",Garinza,Garinza,Rogue,0,,,1,"Crown of the Lost Vanquisher",40633,0,,,,,,,,,"2022-12-18 18:14:17","2022-12-18 18:14:17"
wishlist,"Main Raid",Garinza,Garinza,Rogue,0,,,2,"Mantle of the Lost Vanquisher",40639,0,,,,,,,,,"2022-12-18 18:14:17","2022-12-18 18:14:17"
wishlist,"Main Raid",Garinza,Garinza,Rogue,0,,,3,"Legplates of the Lost Vanquisher",40636,0,,,,,,,,,"2022-12-18 18:14:17","2022-12-18 18:14:17"
wishlist,"Main Raid",Garinza,Garinza,Rogue,0,,,4,"Webbed Death",39714,0,,,,,,,,,"2022-12-18 18:14:17","2022-12-18 18:14:17"
wishlist,"Main Raid",Garinza,Garinza,Rogue,0,,,5,"Sinister Revenge",40386,0,,,,,,,,,"2022-12-18 18:14:17","2022-12-18 18:14:17"
wishlist,"Main Raid",Garinza,Garinza,Rogue,0,,,6,"Sinner's Bindings",39765,0,,,,,,,,,"2022-12-18 18:14:17","2022-12-18 18:14:17"
wishlist,"Main Raid",Garinza,Garinza,Rogue,0,,,7,"Strong-Handed Ring",40074,0,,,,,,,,,"2022-12-18 18:14:17","2022-12-18 18:14:17"
wishlist,"Main Raid",Garinza,Garinza,Rogue,0,,,8,"Belt of the Tortured",40260,0,,,,,,,,,"2022-12-18 18:14:17","2022-12-18 18:14:17"
wishlist,"Main Raid",Garinza,Garinza,Rogue,0,,,9,"Favor of the Dragon Queen",44664,0,,,,,,,,,"2022-12-18 18:14:17","2022-12-18 18:14:17"
wishlist,"Main Raid",Garinza,Garinza,Rogue,0,,,10,"Drape of the Deadly Foe",40403,0,,,,,,,,,"2022-12-18 18:14:17","2022-12-18 18:14:17"
wishlist,"Main Raid",Garinza,Garinza,Rogue,0,,,11,"Chestguard of the Recluse",40539,0,,,,,,,,,"2022-12-18 18:14:17","2022-12-18 18:14:17"
wishlist,"Main Raid",Garinza,Garinza,Rogue,0,,,12,"Envoy of Mortality",40385,0,,,,,,,,,"2022-12-18 18:14:17","2022-12-18 18:14:17"
wishlist,"Main Raid",Garinza,Garinza,Rogue,0,,,13,"Gauntlets of the Lost Vanquisher",40630,0,,,,,,,,,"2022-12-18 18:14:17","2022-12-18 18:14:17"
wishlist,"Main Raid",Garinza,Garinza,Rogue,0,,,14,Dawnwalkers,39701,0,,,,,,,,,"2022-12-18 18:16:16","2022-12-18 18:16:16"
wishlist,"Main Raid",olez,givesmilk,Druid,0,,,1,"Stalk-Skin Belt",40205,0,,,,,,,,,"2022-12-18 22:55:21","2022-12-18 22:55:21"
wishlist,"Main Raid",olez,givesmilk,Druid,0,,,2,"Leggings of the Honored",44011,0,,,,,,,,,"2022-12-18 22:55:21","2022-12-18 22:55:21"
wishlist,"Main Raid",olez,givesmilk,Druid,0,,,3,"Strong-Handed Ring",40074,0,,"2022-12-30 19:30:19",,,,,,,"2022-12-18 22:55:21","2022-12-30 19:30:19"
wishlist,"Main Raid",olez,givesmilk,Druid,0,,,4,"Valorous Dreamwalker Headguard",40473,0,,,,,,,,,"2022-12-18 22:55:21","2022-12-18 23:07:18"
wishlist,"Main Raid",olez,givesmilk,Druid,0,,,5,"Chestguard of the Recluse",40539,0,,,,,,,,,"2022-12-18 22:55:21","2022-12-18 23:07:18"
wishlist,"Main Raid",Nortex,Gubianger,Warrior,0,,,1,"Betrayer of Humanity",40384,0,,,,,,,,,"2022-12-17 20:41:03","2022-12-17 20:41:03"
wishlist,"Main Raid",Nortex,Gubianger,Warrior,0,,,2,"Betrayer of Humanity",40384,0,,,,,,,,,"2022-12-17 21:26:09","2022-12-17 21:26:09"
wishlist,"Main Raid",Nortex,Gubianger,Warrior,0,,,3,"Girdle of Razuvious",40317,0,,,,,,,,,"2022-12-17 20:41:03","2022-12-17 21:26:09"
wishlist,"Main Raid",Nortex,Gubianger,Warrior,0,,,4,"Drape of the Deadly Foe",40403,0,,,,,,,,,"2022-12-17 20:41:03","2022-12-17 21:26:09"
wishlist,"Main Raid",Nortex,Gubianger,Warrior,0,,,5,"Melancholy Sabatons",40591,0,,,,,,,,,"2022-12-17 20:41:03","2022-12-17 21:26:09"
wishlist,"Main Raid",Nortex,Gubianger,Warrior,0,,,6,"Sabatons of Endurance",40297,1,,,,,,,,,"2022-12-29 15:42:38","2022-12-29 15:42:38"
wishlist,"Main Raid",Nortex,Gubianger,Warrior,0,,,7,"Last Laugh",40402,1,,,,,,,,,"2022-12-17 20:41:03","2022-12-17 21:26:09"
wishlist,"Main Raid",Nortex,Gubianger,Warrior,0,,,8,"Ablative Chitin Girdle",39759,1,,,,,,,,,"2022-12-17 20:41:03","2022-12-29 15:42:38"
wishlist,"Main Raid",Healgodx,Heälgodx,Priest,0,,,1,"Hood of Rationality",40562,0,,,,,,,,,"2022-12-27 13:48:36","2022-12-27 13:48:36"
wishlist,"Main Raid",Healgodx,Heälgodx,Priest,0,,,2,"Heroic Key to the Focusing Iris",44577,0,,,,,,,,,"2022-12-27 13:48:36","2022-12-27 13:48:36"
wishlist,"Main Raid",Healgodx,Heälgodx,Priest,0,,,3,"Pennant Cloak",44005,0,,,,,,,,,"2022-12-27 13:48:36","2022-12-27 13:48:36"
wishlist,"Main Raid",Healgodx,Heälgodx,Priest,0,,,4,"Unsullied Cuffs",44008,0,,,,,,,,,"2022-12-27 13:48:36","2022-12-27 13:48:36"
wishlist,"Main Raid",Healgodx,Heälgodx,Priest,0,,,5,"Torch of Holy Fire",40395,0,,,,,,,,,"2022-12-27 13:48:36","2022-12-27 13:48:36"
wishlist,"Main Raid",Healgodx,Heälgodx,Priest,0,,,6,"Surplus Limb",40273,0,,,,,,,,,"2022-12-27 13:48:36","2022-12-27 13:48:36"
wishlist,"Main Raid",Healgodx,Heälgodx,Priest,0,,,7,"Gemmed Wand of the Nerubians",39712,0,,,,,,,,,"2022-12-27 13:48:36","2022-12-27 13:48:36"
wishlist,"Main Raid",Healgodx,Heälgodx,Priest,0,,,8,"Leash of Heedless Magic",40561,0,,,,,,,,,"2022-12-27 13:48:36","2022-12-27 13:48:36"
wishlist,"Main Raid",Healgodx,Heälgodx,Priest,0,,,9,"Arcanic Tramplers",40558,0,,,,,,,,,"2022-12-27 13:48:36","2022-12-27 13:48:36"
wishlist,"Main Raid",Healgodx,Heälgodx,Priest,0,,,10,"Signet of Manifested Pain",40399,0,,,,,,,,,"2022-12-27 13:48:36","2022-12-27 13:48:36"
wishlist,"Main Raid",Healgodx,Heälgodx,Priest,0,,,11,"Illustration of the Dragon Soul",40432,0,,,,,,,,,"2022-12-27 13:48:36","2022-12-27 13:48:36"
wishlist,"Main Raid",Jeykal,Jeykal,Warrior,0,,,1,"Betrayer of Humanity",40384,0,,,,,,,,,"2022-12-18 22:41:01","2022-12-18 22:41:01"
wishlist,"Main Raid",Jeykal,Jeykal,Warrior,0,,,2,"Melancholy Sabatons",40591,0,,,,,,,,,"2022-12-18 22:41:01","2022-12-18 22:41:01"
wishlist,"Main Raid",Jeykal,Jeykal,Warrior,0,,,3,"Chestguard of the Recluse",40539,0,,,,,,,,,"2022-12-18 22:41:01","2022-12-18 22:41:01"
wishlist,"Main Raid",Jeykal,Jeykal,Warrior,0,,,4,"Obsidian Greathelm",44006,0,,,,,,,,,"2022-12-18 22:41:01","2022-12-18 22:41:01"
wishlist,"Main Raid",Jeykal,Jeykal,Warrior,0,,,5,"Heroic Key to the Focusing Iris",44577,0,,,,,,,,,"2022-12-18 22:41:01","2022-12-18 22:41:01"
wishlist,"Main Raid",1Borg,Khaóz,Mage,0,,,1,"Dying Curse",40255,0,,,,,,,,,"2022-12-18 16:27:02","2022-12-18 22:48:00"
wishlist,"Main Raid",1Borg,Khaóz,Mage,0,,,2,"Pennant Cloak",44005,0,,,,,,,,,"2022-12-18 16:27:02","2022-12-18 22:48:00"
wishlist,"Main Raid",1Borg,Khaóz,Mage,0,,,3,"Heroic Key to the Focusing Iris",44577,0,,,,,,,,,"2022-12-18 16:27:02","2022-12-18 22:48:00"
wishlist,"Main Raid",1Borg,Khaóz,Mage,0,,,4,"Gauntlets of the Lost Vanquisher",40630,0,,,,,,,,,"2022-12-18 22:48:00","2022-12-18 22:48:00"
wishlist,"Main Raid",1Borg,Khaóz,Mage,0,,,5,"Embrace of the Spider",39229,0,,,,,,,,,"2022-12-18 16:27:02","2022-12-18 22:48:00"
wishlist,"Main Raid",1Borg,Khaóz,Mage,0,,,6,"Crown of the Lost Vanquisher",40633,0,,"2022-12-18 22:48:00",,,,,,,"2022-12-18 16:27:02","2022-12-18 22:48:00"
wishlist,"Main Raid",1Borg,Khaóz,Mage,0,,,7,"Signet of the Malevolent",39389,0,,,,,,,,,"2022-12-18 17:08:50","2022-12-18 22:48:00"
wishlist,"Main Raid",Majonez,Mayoones,Warlock,0,,,1,"Legwraps of the Defeated Dragon",40376,0,,,,,,,,,"2022-12-18 19:53:23","2022-12-18 19:53:23"
wishlist,"Main Raid",Majonez,Mayoones,Warlock,0,,,2,"Surplus Limb",40273,0,,,,,,,,,"2022-12-18 19:53:23","2022-12-18 19:53:23"
wishlist,"Main Raid",Majonez,Mayoones,Warlock,0,,,3,"Heroic Key to the Focusing Iris",44577,0,,,,,,,,,"2022-12-18 19:53:23","2022-12-18 19:53:23"
wishlist,"Main Raid",Merpz,Merpz,Paladin,0,,,1,"Signet of Manifested Pain",40399,0,,,,,,,,,"2022-12-14 13:14:46","2022-12-14 13:15:30"
wishlist,"Main Raid",Merpz,Merpz,Paladin,0,,,2,"Voice of Reason",40401,0,,,,,,,,,"2022-12-14 13:14:46","2022-12-14 13:15:30"
wishlist,"Main Raid",Merpz,Merpz,Paladin,0,,,3,"The Turning Tide",40396,0,,,,,,,,,"2022-12-14 13:14:46","2022-12-14 13:15:14"
wishlist,"Main Raid",Noxious,Noxious,"Death Knight",0,,,1,"Last Laugh",40402,1,,,,,,,,,"2022-12-17 14:37:45","2022-12-30 16:00:25"
wishlist,"Main Raid",Noxious,Noxious,"Death Knight",0,,,2,"Drape of the Deadly Foe",40403,0,,,,,,,,,"2022-12-17 14:36:32","2022-12-30 16:00:25"
wishlist,"Main Raid",Noxious,Noxious,"Death Knight",0,,,3,"Bracers of Unrelenting Attack",40330,0,,,,,,,,,"2022-12-17 14:36:32","2022-12-18 14:56:31"
wishlist,"Main Raid",Noxious,Noxious,"Death Knight",0,,,4,"Mark of Norgannon",40531,0,,,,,,,,,"2022-12-18 15:38:01","2022-12-18 15:38:01"
wishlist,"Main Raid",Noxious,Noxious,"Death Knight",0,,,5,"Melancholy Sabatons",40591,0,,,,,,,,,"2022-12-17 14:36:32","2022-12-30 16:00:25"
wishlist,"Main Raid",Noxious,Noxious,"Death Knight",0,,,6,"Circle of Death",39401,0,,,,,,,,,"2022-12-17 14:36:32","2022-12-30 16:00:25"
wishlist,"Main Raid",Papaluga,Papaluga,Paladin,0,,,1,"Leggings of the Honored",44011,0,,,,,,,,,"2022-12-18 10:18:32","2022-12-18 11:44:20"
wishlist,"Main Raid",Papaluga,Papaluga,Paladin,0,,,2,"Drape of the Deadly Foe",40403,0,,,,,,,,,"2022-12-18 10:18:32","2022-12-18 11:44:20"
wishlist,"Main Raid",Papaluga,Papaluga,Paladin,0,,,3,"Bracers of Unrelenting Attack",40330,0,,,,,,,,,"2022-12-18 10:18:32","2022-12-18 11:44:20"
wishlist,"Main Raid",Papaluga,Papaluga,Paladin,0,,,4,"Frosted Adroit Handguards",40541,0,,,,,,,,,"2022-12-18 10:18:32","2022-12-18 10:18:32"
wishlist,"Main Raid",Papaluga,Papaluga,Paladin,0,,,5,"Melancholy Sabatons",40591,0,,,,,,,,,"2022-12-18 11:44:20","2022-12-18 11:44:20"
wishlist,"Main Raid",Papaluga,Papaluga,Paladin,0,,,6,"Surge Needle Ring",40474,0,,,,,,,,,"2022-12-18 10:18:32","2022-12-18 11:44:20"
wishlist,"Main Raid",pork,Porkroast,"Death Knight",0,,,1,"Angry Dread",40189,0,,,,,,,,,"2022-12-18 23:29:43","2022-12-18 23:29:43"
wishlist,"Main Raid",Elzy,Rètripàin,Paladin,0,,,1,"Bindings of the Hapless Prey",39764,0,,,,,,,,,"2022-12-18 17:51:26","2022-12-18 17:51:26"
wishlist,"Main Raid",Elzy,Rètripàin,Paladin,0,,,2,"Crown of the Lost Conqueror",40631,0,,,,,,,,,"2022-12-18 17:57:16","2022-12-18 17:57:16"
wishlist,"Main Raid",Elzy,Rètripàin,Paladin,0,,,3,"Fleshless Girdle",40263,0,,,,,,,,,"2022-12-18 17:57:16","2022-12-18 17:57:16"
wishlist,"Main Raid",Elzy,Rètripàin,Paladin,0,,,4,"Broken Promise",40345,0,,,,,,,,,"2022-12-18 17:51:26","2022-12-18 17:51:26"
wishlist,"Main Raid",Elzy,Rètripàin,Paladin,0,,,5,"Breastplate of the Lost Conqueror",40625,0,,,,,,,,,"2022-12-18 17:57:16","2022-12-18 17:57:16"
wishlist,"Main Raid",Elzy,Rètripàin,Paladin,0,,,6,"Legplates of the Lost Conqueror",40634,0,,,,,,,,,"2022-12-18 17:57:16","2022-12-18 17:57:16"
wishlist,"Main Raid",Elzy,Rètripàin,Paladin,0,,,7,"Mantle of the Lost Conqueror",40637,0,,,,,,,,,"2022-12-18 17:57:16","2022-12-18 17:57:16"
wishlist,"Main Raid",Snowman,Sheepdammit,Mage,0,,,1,"Faerlina's Madness",39732,0,,,,,,,,,"2022-12-18 16:43:01","2022-12-18 16:43:01"
wishlist,"Main Raid",Snowman,Sheepdammit,Mage,0,,,2,"Wyrmrest Necklace of Power",44661,0,,,,,,,,,"2022-12-18 16:43:01","2022-12-18 16:43:01"
wishlist,"Main Raid",Snowman,Sheepdammit,Mage,0,,,3,"Mantle of the Corrupted",40286,0,,,,,,,,,"2022-12-18 16:43:01","2022-12-18 16:43:01"
wishlist,"Main Raid",Snowman,Sheepdammit,Mage,0,,,4,"Valorous Frostfire Robe",40418,0,,,,,,,,,"2022-12-18 16:43:01","2022-12-18 16:43:01"
wishlist,"Main Raid",Snowman,Sheepdammit,Mage,0,,,5,"Cincture of Polarity",40301,0,,,,,,,,,"2022-12-18 16:43:01","2022-12-18 16:43:01"
wishlist,"Main Raid",Snowman,Sheepdammit,Mage,0,,,6,"Leggings of the Wanton Spellcaster",40560,0,,,,,,,,,"2022-12-18 16:43:01","2022-12-18 16:43:01"
wishlist,"Main Raid",Snowman,Sheepdammit,Mage,0,,,7,"Boots of Impetuous Ideals",40246,0,,,,,,,,,"2022-12-18 16:43:01","2022-12-18 16:43:01"
wishlist,"Main Raid",Snowman,Sheepdammit,Mage,0,,,8,"Bindings of the Expansive Mind",40325,0,,,,,,,,,"2022-12-18 16:43:01","2022-12-18 16:43:01"
wishlist,"Main Raid",Snowman,Sheepdammit,Mage,0,,,9,"Valorous Frostfire Gloves",40415,0,,,,,,,,,"2022-12-18 16:43:01","2022-12-18 16:43:01"
wishlist,"Main Raid",Snowman,Sheepdammit,Mage,0,,,10,"Signet of the Malevolent",39389,0,,,,,,,,,"2022-12-18 16:43:01","2022-12-18 16:43:01"
wishlist,"Main Raid",Snowman,Sheepdammit,Mage,0,,,11,"The Horseman's Seal",49123,0,,,,,,,,,"2022-12-18 16:43:01","2022-12-18 16:43:01"
wishlist,"Main Raid",Snowman,Sheepdammit,Mage,0,,,12,"Embrace of the Spider",39229,0,,,,,,,,,"2022-12-18 16:43:01","2022-12-18 16:43:01"
wishlist,"Main Raid",Snowman,Sheepdammit,Mage,0,,,13,"Dying Curse",40255,0,,,,,,,,,"2022-12-18 16:43:01","2022-12-18 16:43:01"
wishlist,"Main Raid",Snowman,Sheepdammit,Mage,0,,,14,"Pennant Cloak",44005,0,,,,,,,,,"2022-12-18 16:43:01","2022-12-18 16:43:01"
wishlist,"Main Raid",Snowman,Sheepdammit,Mage,0,,,15,"The Turning Tide",40396,0,,,,,,,,,"2022-12-18 16:43:01","2022-12-18 16:43:01"
wishlist,"Main Raid",Snowman,Sheepdammit,Mage,0,,,16,"Surplus Limb",40273,0,,,,,,,,,"2022-12-18 16:43:01","2022-12-18 16:43:01"
wishlist,"Main Raid",Snowman,Sheepdammit,Mage,0,,,17,"Gemmed Wand of the Nerubians",39712,0,,,,,,,,,"2022-12-18 16:43:01","2022-12-18 16:43:01"
wishlist,"Main Raid",skrio,Shrieked,Warlock,0,,,1,"The Turning Tide",40396,0,,,,,,,,,"2022-12-17 00:30:46","2022-12-17 00:30:46"
wishlist,"Main Raid",skrio,Shrieked,Warlock,0,,,2,"Dying Curse",40255,0,"Received from PUG raid","2022-12-17 00:30:46",,,,,,,"2022-12-17 00:30:46","2022-12-17 00:30:46"
wishlist,"Main Raid",skrio,Shrieked,Warlock,0,,,3,"Heroic Key to the Focusing Iris",44577,0,,,,,,,,,"2022-12-17 00:30:46","2022-12-17 00:30:46"
wishlist,"Main Raid",skrio,Shrieked,Warlock,0,,,4,"Leggings of the Wanton Spellcaster",40560,0,,,,,,,,,"2022-12-17 00:30:46","2022-12-17 00:30:46"
wishlist,"Main Raid",skrio,Shrieked,Warlock,0,,,5,"Pennant Cloak",44005,0,,,,,,,,,"2022-12-17 00:30:46","2022-12-17 00:30:46"
wishlist,"Main Raid",skrio,Shrieked,Warlock,0,,,6,"Unsullied Cuffs",44008,0,,,,,,,,,"2022-12-17 00:30:46","2022-12-17 00:30:46"
wishlist,"Main Raid",skrio,Shrieked,Warlock,0,,,7,"Illustration of the Dragon Soul",40432,0,,,,,,,,,"2022-12-17 00:30:46","2022-12-17 00:30:46"
wishlist,"Main Raid",skrio,Shrieked,Warlock,0,,,8,"Gemmed Wand of the Nerubians",39712,0,,,,,,,,,"2022-12-17 00:30:46","2022-12-17 00:30:46"
wishlist,"Main Raid",skrio,Shrieked,Warlock,0,,,9,"Signet of Manifested Pain",40399,0,,,,,,,,,"2022-12-17 00:30:46","2022-12-17 00:30:46"
wishlist,"Main Raid",skrio,Shrieked,Warlock,0,,,10,"Leash of Heedless Magic",40561,0,,,,,,,,,"2022-12-17 00:30:46","2022-12-17 00:30:46"
wishlist,"Main Raid",skrio,Shrieked,Warlock,0,,,11,"Matriarch's Spawn",39766,0,"Received from PUG raid","2022-12-17 00:30:46",,,,,,,"2022-12-17 00:30:46","2022-12-17 00:30:46"
wishlist,"Main Raid",skrio,Shrieked,Warlock,0,,,12,"Crown of the Lost Conqueror",40631,0,"Received from PUG raid","2022-12-17 00:30:46",,,,,,,"2022-12-17 00:30:46","2022-12-17 00:30:46"
wishlist,"Main Raid",skrio,Shrieked,Warlock,0,,,13,"Breastplate of the Lost Conqueror",40625,0,,,,,,,,,"2022-12-17 00:30:46","2022-12-17 00:30:46"
wishlist,"Main Raid",skrio,Shrieked,Warlock,0,,,14,"Gauntlets of the Lost Conqueror",40628,0,"Received from PUG raid","2022-12-23 00:08:11",,,,,,,"2022-12-17 00:30:46","2022-12-23 00:08:11"
wishlist,"Main Raid",skrio,Shrieked,Warlock,0,,,15,"Mantle of the Lost Conqueror",40637,0,,,,,,,,,"2022-12-17 00:31:51","2022-12-17 00:31:51"
wishlist,"Main Raid",skrio,Shrieked,Warlock,0,,,16,"Arcanic Tramplers",40558,0,,,,,,,,,"2022-12-17 00:30:46","2022-12-17 00:30:46"
wishlist,"Main Raid",Skov,Skøv,Paladin,0,,,1,"Betrayer of Humanity",40384,0,,,,,,,,,"2022-12-18 22:39:26","2022-12-18 22:39:26"
wishlist,"Main Raid",Skov,Skøv,Paladin,0,,,2,"Fury of the Five Flights",40431,0,,,,,,,,,"2022-12-18 22:39:26","2022-12-18 22:39:26"
wishlist,"Main Raid",Skov,Skøv,Paladin,0,,,3,"Frosted Adroit Handguards",40541,0,,,,,,,,,"2022-12-18 22:39:26","2022-12-18 22:39:26"
wishlist,"Main Raid",Skov,Skøv,Paladin,0,,,4,"Heroic Key to the Focusing Iris",44577,0,,,,,,,,,"2022-12-18 22:39:26","2022-12-18 22:39:26"
wishlist,"Main Raid",Skov,Skøv,Paladin,0,,,5,"Legplates of the Lost Conqueror",40634,0,,,,,,,,,"2022-12-18 22:39:26","2022-12-18 22:39:26"
wishlist,"Main Raid",Skov,Skøv,Paladin,0,,,6,"Girdle of Chivalry",40278,0,,,,,,,,,"2022-12-18 22:39:26","2022-12-18 22:39:26"
wishlist,"Main Raid",Skov,Skøv,Paladin,0,,,7,"Bracers of Unrelenting Attack",40330,0,,,,,,,,,"2022-12-18 22:39:26","2022-12-18 22:39:26"
wishlist,"Main Raid",Skov,Skøv,Paladin,0,,,8,"Crown of the Lost Conqueror",40631,0,,,,,,,,,"2022-12-18 22:39:26","2022-12-18 22:39:52"
wishlist,"Main Raid",Skov,Skøv,Paladin,0,,,9,"Mantle of the Lost Conqueror",40637,0,,,,,,,,,"2022-12-18 22:39:26","2022-12-18 22:39:52"
wishlist,"Main Raid",Skov,Skøv,Paladin,0,,,10,"Fool's Trial",40065,0,,,,,,,,,"2022-12-18 22:39:26","2022-12-18 22:39:52"
wishlist,"Main Raid",Skov,Skøv,Paladin,0,,,11,Ruthlessness,40075,0,,,,,,,,,"2022-12-18 22:39:26","2022-12-18 22:39:52"
wishlist,"Main Raid",Skov,Skøv,Paladin,0,,,12,"Strong-Handed Ring",40074,0,,,,,,,,,"2022-12-18 22:39:26","2022-12-18 22:39:52"
wishlist,"Main Raid",Skov,Skøv,Paladin,0,,,13,Armageddon,40343,0,,,,,,,,,"2022-12-18 22:39:26","2022-12-18 22:39:52"
wishlist,"Main Raid",Skov,Skøv,Paladin,0,,,14,"Breastplate of the Lost Conqueror",40625,0,,,,,,,,,"2022-12-18 22:39:52","2022-12-18 22:39:52"
wishlist,"Main Raid",Shayan,Susis,Druid,0,,,1,"Pennant Cloak",44005,0,,,,,,,,,"2022-12-17 17:39:33","2022-12-17 17:39:33"
wishlist,"Main Raid",Shayan,Susis,Druid,0,,,2,"Signet of Manifested Pain",40399,0,,,,,,,,,"2022-12-17 17:39:33","2022-12-17 17:39:33"
wishlist,"Main Raid",Shayan,Susis,Druid,0,,,3,"Torch of Holy Fire",40395,0,,,,,,,,,"2022-12-17 17:42:54","2022-12-18 22:34:43"
wishlist,"Main Raid",Shayan,Susis,Druid,0,,,4,"Accursed Spine",40192,0,,,,,,,,,"2022-12-17 17:42:54","2022-12-18 22:34:43"
wishlist,"Main Raid",Shayan,Susis,Druid,0,,,5,"Leash of Heedless Magic",40561,0,,,,,,,,,"2022-12-18 22:34:43","2022-12-18 22:34:43"
wishlist,"Main Raid",Shayan,Susis,Druid,0,,,6,"Dying Curse",40255,0,,"2022-12-18 22:34:43",,,,,,,"2022-12-17 17:39:33","2022-12-18 22:34:43"
wishlist,"Main Raid",Shayan,Susis,Druid,0,,,7,"Heroic Key to the Focusing Iris",44577,0,,"2022-12-18 22:34:43",,,,,,,"2022-12-17 17:39:33","2022-12-18 22:34:43"
wishlist,"Main Raid",Alps,Vitari,Paladin,0,,,1,"Sabatons of Endurance",40297,0,,,,,,,,,"2022-12-14 12:13:07","2022-12-14 12:13:07"
wishlist,"Main Raid",Alps,Vitari,Paladin,0,,,2,"Last Laugh",40402,0,,,,,,,,,"2022-12-14 12:13:40","2022-12-14 12:13:40"
wishlist,"Main Raid",Alps,Vitari,Paladin,0,,,3,"Legplates of Sovereignty",40589,0,,,,,,,,,"2022-12-14 12:13:40","2022-12-14 12:13:40"
